Brewery,Beer,Style/ABV,Description
210 Brewing Co.,Los Vientos,5.1% Mexican Lager,
210 Brewing Co.,Pineapple Heff Wheatley,5% Pineapple Hefeweizen,
210 Brewing Co.,PEAK IPA,7.2% Hazy IPA,"Brewed with Nelson Cryo, Loral Cryo, Dolcita, Sultana!"
210 Brewing Co.,Emotional Support Space Horse,7% Hazy IPA,"Brewed with Azacca, Citra, Galaxy!"
7 Seas Brewing Co,Drop Bear Hazy Pale,5.5% ABV / Down Under Hazy Pale,"Golden and hazy with a juicy abundance of Southern Hemisphere grown hops, Motueka, Nectaron, Galaxy, Nelson Sauvin. Big aroma notes of bright lemon zest, white peach, and tropical intensity."
7 Seas Brewing Co,Nomadic IPA,6.7% ABV / West Coast IPA,"Decidedly West Coast Style, Nomadic IPA displays a bright, deep golden color with a subtle yet toasty, semi-dry malt flavor. Assertive hop character of citrus peel, resin, and tangerine shine through from start to finish."
7 Seas Brewing Co,Velvet Tang,7.0% ABV / Hazy IPA,"Soft & Supple on the pallet, Velvet Tang delivers a walloping hop aroma of juicy, tropical excellence with a smooth finish. Brewed with NW pale and 2-row malts, along with flaked wheat and oats. Hops include Simcoe, Citra, Mosaic, and hefty dry hop additions of Azacca and Citra."
7 Seas Brewing Co,Red Raspberry Sour Ale,4.7% ABV / Gose Style Sour Ale,"Our Gose-Style Red Raspberry Sour Ale is JAM-PACKED with Ripe Red Raspberries,
 perfectly balanced with local San Juan Island Sea salt. This tart and ever-so-slightly herbaceous beer is bright and delightfully refreshing, making it the ideal brew for heading into Spring."
7 Seas Brewing Co,Heidelberg,"4.0% ABV; Brewed on a base of NW pilsner malt along with flaked corn and rice. Hopped with Yakima Magnum and German Hallertau, yielding a perfectly crisp, refreshing and easy-going beer.",
anacortes brewery,Triple Vision,9.8% Belgian Tripel,"Belgian Tripel
 Adheres to traditional guidelines with it's pale straw color
 from pilsner malt and it's high alcohol content. This spicy Belgian will
 make your lips sing!
 OG 1.095 / ABV 9.8% / IBU 25"
anacortes brewery,Cream Bee,5.5% Honey Cream Ale,"Cream Bee
 Brewed with local honey, this smooth cream ale is lagered for crispness and
 features subtle hop aroma and balanced bitterness from Hallertau and Spalter hops.
 OG 1.051 / ABV 5.5% / IBU 35"
Aslan Brewing Co.,Tide Breaker,West Coast IPA - 6.2%,"A modern West Coast IPA with notes of bright citrus, juicy mango, and a hint of pine."
Aslan Brewing Co.,Dawn Patrol,Pale Ale,"An easy drinking modern pale ale with notes of orange, mango, and melon"
Bale Breaker,Mango Tropical IPA,"Mango IPA, 5.9%","Made with real mango, this Tropical IPA has low bitterness and smells like freshly sliced mango with hints of mandarin orange. A portion of the proceeds from this beer is donated to local nonprofits who support migrant farm workers."
Bale Breaker,Arcus Angel IPA,"West Coast IPA, 6.7%","Arcus Angel IPA—a heavenly arc of hops from first sip to finish. Brewed with 2-Row, Pilsner, and Carapils, it delivers a light body that still carries its weight like a guardian with grit. Mosaic, Chinook, Simcoe, and Strata lift aromas of blueberry, grapefruit, and pine into the upper atmosphere. Bright, resinous, and balanced, this American IPA walks the line between bold and graceful."
Barley POP! Brewing,Plethora of Piñats,4.5% Mexican Lager,"Our official Snohomish Pride beer for 2026! This lager is bright, crispy with some sweetness thanks to the flaked corn. Just add your own lime to top it off!"
Barley POP! Brewing,The Pen Is Blue,6% Hard Seltzer,"The Pen Is Rrrroyal Blue, or in this case pink thanks to our house made raspberry rhubarb concentrate. It's bright, mildly sweet with a tart finish. Nothing artificial about our seltzers, and that's no lie."
Barley POP! Brewing,High Quality Hop2o,0% NA Hop Water,"Our very refreshing house made hop water is sure to keep you hydrated through the summer heat and in between a brewski or twoski.
 This batch is flavored with all natural hop extracts featuring Pineapple and Krush hops!
 No alcohol, no sugar, no carbs, no bullshit!"
Beach Cat Brewing,Cats Blue Ribbon,5.0 American Lager,Crushable classic American lager. Enjoyable during any season!
Beach Cat Brewing,White Paw Hard Seltzer,6.0% Hard Seltzer,Refreshing real fruit flavors!
Beach Cat Brewing,La Claw,0.0% Hop Water,Refreshing n/an option for all!
Bellingham Cider Co.,Rainier Cherry,6.7% Hard Cider,A fruit-forward semi-dry cider blended with tart and refreshing Rainier and Bing cherries for one of our most approachable and popular ciders.
Bellingham Cider Co.,Raspberry Lemonade,6.7% Hard Cider,"Showcasing summer raspberries at their finest, but with a kick. Pleasantly tart lemon paired with strong raspberry notes. Refreshing and rejuvenating. Perfect for summer sipping."
Bizarre Brewing,Death Rides a Horse,Italian-Style Pilsner 5.0%,"Death Rides a Horse is our Italian-style pilsner brewed with a blend of German and Italian pilsner malts and hopped in the kettle with Spalt Select, Strisselspalt, Tettnang and Hersbrucker. Death Rides a Horse was fermented cold with our house lager strain then dry hopped with Spalt Select and Perle. Spunded for natural carbonation."
Bizarre Brewing,Crushed in Velvet,Soft Pale Ale 5.6%,"Crushed in Velvet is our rotating hop soft pale ale that was brewed with pilsner malt and flaked oats. We hopped this batch of soft pale ale in the kettle with Strata, Citra, Simcoe and Chinook. Crushed in Velvet was fermented cool with our house lager strain then dry hopped with Dolcita LupoMax, Galaxy and Strata."
Bizarre Brewing,Brett Bier with Lemon Peel & Coriander,5.00%,"We brewed our brett bier with pilsner malt, flaked and malted wheat, and flaked oats. This light and effervescent bier was hopped lightly in the kettle with Saaz and Cashmere hops and infused with lemon peel and coriander. Keg conditioned with one of our favorite Brettanomyces strains."
Boundary Bay Brewing Co.,Cedar Dust IPA,6.3% - American IPA,"Inspiration for Cedar Dust IPA hails from Bellingham’s iconic mountain bike trail on Galbraith Mountain. Brewed with four varieties of Washington-grown hops, it encapsulates the adventurous spirit of the PNW, offering bright citrus aromatics, subtle pine, and a clean, refreshing finish with a balanced, approachable bitterness that keeps you shreddin’."
Boundary Bay Brewing Co.,Scotch Ale,6.4% ABV - Scottish-Style Ale,"Our Scotch Ale became a Northwest classic with the inaugural brew in 1995. The long boil in the kettle caramelizes the wort, producing deep-copper tones. Scotch Ale’s signature malt character is crafted for pure enjoyment."
Boundary Bay Brewing Co.,BBA Old Bounder Barletwine,13.3% - Bourbon Barrel-Aged American Barleywine,"Old Bounder, an homage to yesteryear's ales, is an intense, barrel-aged barleywine. Hints of stonefruit and woody undertones are complemented by smooth caramel sweetness, bold hop character, and a warming alcohol content. Perfect for post-dinner indulgence or dessert pairing, Old Bounder is crafted for connoisseurs seeking the finest, embodying a voyage into bold flavors."
Burke-Gilman Brewing Company,Kölner Dom,5% Kölsch,"Crisp, light, fruity. Perfect for the warm weather."
Burke-Gilman Brewing Company,Hefeweizen,5.4% Hefeweizen,"Bavarian wheat beer, banana and clove."
Burke-Gilman Brewing Company,"Up, And To The Left",6.6% West Coast IPA,"Chinook, Columbus, Mosaic. 
 Dry Hopped with Citra, Mosaic, Simcoe."
Chuckanut Brewery,Schwarz Lager,4.8% Schwarz Lager,"Schwarz is a traditional German-style black lager that combines snappy bitterness with dry, espresso-like roast flavors on a light to medium-bodied frame."
Chuckanut Brewery,Kolsch,4.5% Kolsch,"Chuckanut German-style Kölsch has a light body with a soft malt flavor giving way to a crisp finish. This award-winning ale has undergone cold conditioning, resulting in a slightly fruity aroma, effervescent quality, and quenches your thirst all year round!
 
 World Beer Cup 2026 Gold Medal Winner"
Cloudburst Brewing,Take A Dare,"6.5%, IPA","Oh you want us to make an IPA with all public hops? And not the new stuff? Pshh easy peezy. How about Chinook, Crystal, and Columbus Cryo."
Cloudburst Brewing,Pocket Universe,"5.7%, Australian Pale Ale","What if earth and our planet system and space was just a tiny snow globe in the palm of a reckless alien child with very bad ADHD so that it sometimes they totally forget about us when it falls off their nightstand and rolls under their bed until they find it months later, covered in gloob (that’s dust in their world) and then they just briefly shake the shit out of it before throwing it into their toy closest, which in turn, creates a chaotic turn of events in our world - climate change, war, poverty, pariahs - and that’s why all this shit is going on? WE’RE JUST A TINY FUCKING SNOWGLOBE THAT FITS IN YOUR POCKET. THIS COULD EXPLAIN EVERYTHING! WHAT. YES. This is another beer with Galaxy. Also, Citra, Azacca, Mosaic, and Nectaron. An extra stellar constellation of hops, if you will. All wrapped up in a small package for you to crush with your mouth and not with your palm. UNLIKE AFOREMENTIONED RECKLESS ALIEN CHILD."
Cloudburst Brewing,Happy Little Clouds,"5.3%, Contemporary American-Style Pilsner","2024 GABF Bronze, 2023 WBC Bronze, 2022 WBC Bronze, 2021 GABF Silver
 We believe every day is a good day when you brew. Start out by believing here. A little touch of pilsner malt here, a little push of German and American hops there, caressed very gently layer after layer after layer. There are no limits here. Weyermann Pilsner Malt and hopped with a blend of Magnum, Saaz, Mandarina, Citra, & Mosaic."
Culture Shock Brew,Sage Awakening,"5.7% ABV, hard kombucha","Sage Awakening, yuzu sage hard kombucha 5.7% ABV
 Fresh citrusy Yuzu goodness on the nose with well-balanced dry fruit flavors and slight nuances of sage on the finish"
Culture Shock Brew,Golden Griffin,,"GOLDEN GRIFFIN: Green tea flavored with fresh Pineapple, Mango, and Yakima Valley Hops. So many tropical notes up front with a well-balanced hop finish."
Culture Shock Brew,Tepache Day Dream,"6.9%ABV, Hard Tepache","Tepache Daydream, pineapple hard tepache 6.9% ABV
 Notes of roasted pineapple and baking spice with an outstanding wild yeast funk"
Culture Shock Brew,Golden Griffin (see above),,
Dick's Brewing Company,El Ricardo,Mexican Lager 4.2%,"Crisp, light, and brewed with a refreshing twist — El Ricardo is an easy-drinking lager with smooth flavor and laid-back vibes made for good times."
Dick's Brewing Company,Dick Danger Ale,5.2% English Dark Ale,"Bold, smooth, and full of character — Dick Danger Ale delivers rich malt flavor balanced with a clean hop finish for an easy-drinking ale with just the right amount of attitude."
Dick's Brewing Company,Orange You Glad,Wheat Ale 4.8%,"Bright, refreshing, and brewed with a burst of citrus — Orange You Glad Wheat Ale is a smooth wheat beer with sweet orange flavor and a crisp, easy-drinking finish."
Dru Bru,Mountain Made IPA,6.5% | India Pale Ale,"Crafted with locally grown hops, this IPA is a tribute to where we brew and call home—the mountains of Washington State. Krush®, Simcoe®, Citra®, and Mosaic® hops, combined with fresh mountain water and light malts, create a crisp, hop-forward ale layered with clean pine and punchy citrus. Bold, drinkable, and brewed in the Cascades, this beer is undeniably Mountain Made."
Dru Bru,Pilsner,4.8% | German-Style Light Lager,"An award-winning, German-style golden lager. Fresh mountain water, Bohemian Pilsner malts, and gentle European hops create a super-smooth lager with a complex maltiness and soft bitterness. It’s refreshing, tasty, and crushable."
Dru Bru,Peach Sour,4.8% | German-Style Gose,"*us bringing this one is TBD - depends on our stock, but wanted to list it just in case!*
 
 A crisp and tart wheat beer that is soured using Lactobacillus bacteria. A sprinkling of sea salt and fresh-ground coriander compliment the acidity with a mild spiciness and a mild salty-mineral finish. Brewed with peaches; you’ll find it fruity, crisp, and refreshing."
Eliott Bay Brewing,Equalizer,5.1 abv session IPA,"Lager yeast and pilsner malt take a back seat to huge hop flavor from cryo Mosaic and Citra. Lots of citrus notes with a touch of tropical fruit and spice. Finishes clean, dry and refreshing. 25 IBU"
Eliott Bay Brewing,Golden Boot,4.5 abv Golden ale,"Simple, clean, easy drinking golden ale. Munich and Vienna Malts show off a bready biscuit character, centennial and strata bring just enough balance. 16 IBU Get those goals!"
Eliott Bay Brewing,PK pilsner,5.2 abv West Coast Pilsner,"Clean lager meets double dry hopping. Pacifica, HBC 638 and cryo mosaic offer tangerine, grapefruit zest, lemon, peach and more! 25 IBU"
Fair Isle Brewing,West Coast Pilsner,"5.3%, Lager","A crisp, bright West Coast Pilsner featuring citra and simcoe hops."
Fair Isle Brewing,Harlen,"3.8%, Saison",Foeder lagered table saison.
Flying Bike Cooperative Brewery,Too Many Puppies,"4.6%, Hazy Pale","Our crowd-favorite house Hazy Pale, tropical flavor brought to you by Mosaic and El Dorado hops."
Flying Bike Cooperative Brewery,Saison D'Etre,6.3% Saison,"Gentle saison yeast character comes from the Jovaru Farmhouse yeast. Spiced with Bitter Orange, Grains of Paradise, and Coriander. (Another member award winning beer made in CO-OPeration with Eric Blume.)"
Flying Lion Brewing,"Larry, Curly & Moesaic Pale",5.1% - American-Style Pale Ale,"You are no victim of soicumstance, this beer is soitenly poifect! Fragrant and refreshingly dry, Mosaic hops bring blueberry and starfruit aromas, finishing with HOTCHACHACHAA!"
Flying Lion Brewing,Velvet Uppercut Belgian Golden Strong,9.0% - Belgian-Style Golden Strong,"There I was, enjoying the complex blend of fruity esters and subtle spice, ready to have another of this extraordinarily smooth beer when, POW! I got that Velvet Uppercut."
Flying Lion Brewing,Rye Stout,6.0% - American-Style Stout,"This is a classic American Stout, full of flavor, character, and with a spicy, crisp addition of Rye. The clean, roasted flavor finishes dry and drinks well year-round."
Flying Lion Brewing,Metric Exhibition Vienna Kölsch,5.0% - Kölsch,"This crispy boi was brewed as part of a recipe trade with Italian brewery, La Collina. It is a beautiful ode to Vienna malt and Base 10. A pleasant golden hue with subtle hints of toasted pecan and biscuits."
Flying Lion Brewing,H2O Yeah Hop Water,Hop Water,
Formula Brewing,Formula 32,7.2 WC IPA,"Citra, Mosaic Cryo and experimental HBC 1183 hops are in charge of this high hop charged dry west coast ipa with notes of lime, melon, tropical with a background note of dripping pitch."
Formula Brewing,Chasing Bubbles,4.9 Keller Helles,Dry bread cracker malty drinkable lager beer.
Four Generals Brewing,Kolsch,Kolsch 5.0%,A classic Koln style Kolsch with 100% German ingredients.
Four Generals Brewing,Rauch Marzen,Rauch Marzen 4.9%,A classic Bamberg style Rauch Bier with 100% German ingredients.
Fremont Brewing,Loreto,5.2% Mexican Lager,"This Mexican-style lager presents a clean, easy-drinking profile with subtle water cracker notes up front, followed by light impressions of white bread, corn, and delicate florals."
Fremont Brewing,Brew 9000,14.7% BA Barleywine,"barley wine greets the senses with rich aromas of molasses, toffee, brown sugar, cola, vanilla, whiskey, and dried fruits, layered with hints of oak and biscuit"
Fremont Brewing,Lost Lake Peach Tea Cider,6.5% Fruited Cider,Dry cider with peach puree and oolong tea infusion.
Fremont Brewing,NA Hazy IPA,Hazy IPA,
Friends And Neighbors Brewing,Funcle IPA,5.5% IPA,Nice and hoppy citrusy IPA that bursts with flavor yet not overpowering. It is the fun uncle of the IPA verse!
Friends And Neighbors Brewing,Kingston Kolsch,5.0% Kolsch,This easy drinking is perfect for warm days. It has a light body and light citrusy flavor.
Future Primitive Brewing,Raspberry Gose,4.6% ABV Gose,"Light, snappy, saline, and pleasantly tart. We brewed the un-fruited version of this with Fal Allen of Anderson Valley and are happy to present its pink and very berry reprise. Look for a clean, crisp tartness and a subtle bready finish."
Future Primitive Brewing,Queer Beer Lager,5% ABV American Lager,"This lager is clean and easy to drink. The addition of flaked maize gives the beer a very clean, dry finish that is not bitter or sweet."
Garden Path Fermentation,The Celebratory Blend.,5% 8th Anniversary Saison,"A unique blend of barrel-aged fresh hopped beer and young dry-hopped beer, crafted in celebration of our 8th anniversary!"
Garden Path Fermentation,The Fruitful Keg.,4.2% Fruit Ale,"Barrel-aged native yeast ale co-fermented with boysenberries, blended with young table beer, re-fermented with blue haskap berries, and naturally conditioned with juice from local blackberries."
Garden Path Fermentation,The Spontaneous Ferment: 5-Year Blend on Second Use Cherries.,6.8% 100% Spontaneously Fermented Beer with Second Use Fruit,"A blend of spontaneously fermented, barrel-aged beer from each of our first five seasons, re-fermented on local cherries that had previously been used to make (This Is A) Crush Story. Just a hint of cherry color with cherry undertones carrying through from the nose to the finish."
Garden Path Fermentation,The Strong Fruit Ale.,10% Fruited Native Yeast Honey Quadrupel,"A barrel-aged high gravity blend refermented with loads of burnt clover honey, Skagit plums, and Skagit-foraged blackberries. Naturally bottle conditioned with more honey."
Georgetown Brewing Company,Juniorzafa IPA,5.40%,"Modeled after the Bodhizafa recipe, but brewed to be lighter, Juniorzafa still has the bright tropical aromas from the Citra, Mosaic and Chinook hops you love, but with a lower ABV."
Georgetown Brewing Company,Gusto Crema Coffee Ale,4.60%,"Building on Gusto Crema blend, a medium roasted bean from our friends at Caffè Umbria, we made a smooth, rich cream ale. This beer has roasted flavor, aroma, and color from cold brew coffee. Smooth, rich mouthfeel comes from oats and Munich malt. Gold medal winner in the Coffee Beer category at the Great American Beer Festival in 2016! Contains lactose."
Ghostfish Brewing,Gosefish,Cranberry Hibiscus Gose 6.0%,Tart and refreshing with a margarita vibe.
Ghostfish Brewing,Ruthless,Lager,A classic American Lager inspired by the whole Ghostfish family.
Haas Innovations Brewing LLC.,Dolcita,6.8% Hazy IPA,Dolcita Single Hop Hazy IPA
Haas Innovations Brewing LLC.,Krushin It,6.3% IPA,Krush Single Hop IPA
Haas Innovations Brewing LLC.,Kitchen Sink,5.5% WC Pils,A West Coast Pilsner made with Krush and Galaxy Hops
Haas Innovations Brewing LLC.,Dunkel,5.5% Munich Dunkel,
Halcyon Brewing,Halcyon Pilsner,5.10%,"Our pilsner is single-decocted using local Linc/Coldstream pilsner malt and Oregon-grown Liberty and Sterling. It has a bit of old world spin. Notes of lemon, berries and a dash of herbal spice with a nice bready base."
Halcyon Brewing,Sparkbird,6.2% West Coast Ipa,"Like the bird that gets you into birding, this Ipa may be the Ipa that gets you into Ipa'ing. This crisp West Coast Ipa has fruity notes of fresh cut citrus, marmalade, peaches and a dollop of tropical fun. 
 Hops: Citra, Krush Cryo, Mosaic, Columbus Cryo"
Halcyon Brewing,Keep it PC!,10.8% Chocolate Pistachio Imperial Stout,"We made a special imperial stout with cacao nibs, real pistachio and a small dash of matcha. This is out of our norm (lowish abv’s). It sneaks up with its 10.8%. Brewed with a double mash and a long boil that will become our barrel-aged base."
Hellbent Brewing Company,Seattle Sunshine,Hazy Pale Ale 5.7% ABV,"Initially brewed in conjunction with the Emerald City Supporters for the Sounders, Seattle Sunshine is loaded with peach, nectarine and citrus hop character."
Hellbent Brewing Company,Tobogán,Mexican Lager 4.7% ABV,"Light, golden, crisp and clean. Take a break from the high ABV beers and reset your palate with something mellow and refreshing. You'll thanks us later. Good luck to El Tri in the World Cup!"
Hellbent Brewing Company,Hoist The Colors / Pride Beer,"Pineapple, Blood Orange and Passion Fruit Wheat Beer 5.3% ABV","Let your Pride flag fly! Hoist the Colors is a fruited wheat beer loaded with real Pineapple, Blood Orange and Passionfruit. Our beer has-and always will be-brewed for EVERYONE to enjoy. Taste the Rainbow!"
Human People Beer,Spanning Time,DDH West Coast IPA 7.5%,"Cashmere, Mosaic Cryo, Nelson. crisp, clean, & ripe"
Human People Beer,Piknik,Alpine-style Pilsner 4.3%,"Seattle water, Slovenian hops, Pilsner malt"
Ilk Beer,Color Out of Space,7% Hazy IPA,"Our space to play with hops in the haze! We keep the malt to a minimum focused on body and mouthfeel thanks to generous helpings of oats and wheat. This round we went with a bright trio of Mosaic, Galaxy and Nelson resulting in a gush of tropical fruit flavor!"
Ilk Beer,Under a Free Heaven,5.4% Dortmunder Lager,"The recent spate of Dortmunder Export lagers in the NW is a good example of brewers’ zeitgeist. To that background we give you Under A Free Heaven! Just step mashed German pils malt, Magnum and Hallertau Tradition hops, cold fermented, spunded and unfiltered. Prost!"
Jötunn Ciderhouse,Sunny Jackfruit,6.4% ABV - Mostly Dry Cider,"A sunlit daydream in a glass - apple at the wheel, jackfruit riding shotgun, and a mystery melon (or maybe an eccentric plum?) hitching a ride. Mostly dry, lightly sweet, and juicier than your average summer scandal."
Jötunn Ciderhouse,Earl Grey,6.4% ABV - Mostly Dry Cider,"It’s tea time, innit? Smooth apple, a splash of vanilla, and a bright little zing of bergamot, like your nan’s Earl Grey, but with a proper kick. Lightly floral, a touch sweet, and dry enough to mind its manners. Pinkies up, you posh rascal."
Jötunn Ciderhouse,Pretty Berry,6.6 ABV - Mostly Dry Cider,"Like a French rosé that’s trying so hard to be elegant but mostly just ends up embarrassing itself. Kind of like that friend that talks fancy words but can’t quite pull them off. Tart cranberry and bold florals are there to help, but those dry tannins? They’re just too sharp to keep quiet. It’s pretty, it’s awkward, and way too real for the classic fairy tale ending."
Kulshan Brewing Co.,Kulshan Pilsner,German Style Pilsner / 4.9% ABV,"Crisp and refreshing with balanced bitterness, Kulshan Pilsner showcases the finest German malt and noble hops. Traditional clean and bready malt flavors support herbal, floral and slightly spicy hop aromatics and flavor."
Kulshan Brewing Co.,Heliotrope,IPA / 7.3% ABV,"Named after the popular ridge trail that leads to the base of Mount Baker’s Coleman Glacier, Heliotrope IPA is a mouthwatering fusion of classic West Coast IPA characteristics, and new-school fruity, juicy hop flavor. Apricot, tangerine and grapefruit dominate in both aroma and flavor, accented by milder notes of pineapple and black tea."
Kulshan Brewing Co.,Dad Bod,Hazy Pale Ale / 5.6% ABV,"Brewed with our good friends over at the Whatcom Mountain Bike Coalition (WMBC), Dad Bod is a refreshing companion for summer activities. A superbly crushable hazy pale ale, bursting with both juicy tropical fruit notes and zesty citrus
 accents."
Kulshan Brewing Co.,Barrel Aged Belgian Golden Strong,11% ABV,"Aged in barrels from Big Gin Distillery in Seattle, this beer has a smooth bready malt body, with big botanical notes of juniper, pine, and lemongrass, and a slightly warm, boozy finish."
Kulshan Brewing Co.,Zero to Hero,N/A IPA,
Ladd & Lass Brewing,Deprived Drippins,12% / Russian Imperial Stout,Coconut-saturated beer “juice” rendered from our annual Russian Imperial Stout Deprived of Light.
Ladd & Lass Brewing,GOOALLL!,5.7% / West Coast Pilsner,"A pitch-perfect pils brewed with ingredients from North America, Europe, South Asia, and New Zealand to mark the planet's premier soccer tournament coming to Seattle."
Ladd & Lass Brewing,Obstinate Intentions,4.9% / Hoppy Belgian Ale,"Inspired by Brasserie de la Senne's Taras Boulba, our homage is assertively bitter and herbaceous with a floral hop bouquet."
Logan Brewing Company,Easy Mode Blonde Ale,5.2% ABV - Blonde Ale,Easy Mode Blonde Ale is mellow & refreshing with notes of floral honey and fresh bread. GABF 2024 Silver Medalist.
Logan Brewing Company,Fire Temple,7% ABV - West Coast IPA,"Fire Temple West Coast IPA burns with notes of lime and grapefruit balanced by a crisp, dry, and hoppy finish. Gold Medalist 2023 U.S. Open Beer Championship"
Logan Brewing Company,Patio Rabbit,7% ABV - Blackberry Sour Ale,Patio Rabbit Blackberry Sour Ale is hopped up on the tart flavors of fresh blackberries!
Lucky Envelope Brewing,Karakuchi Japanese Lager,4.7% Japanese Dry Lager,A refreshing Japanese Lager brewed with rice and corn to mirror beloved crisp “super dry” lagers common in Japan. The term Karakuchi is Japanese for “dry” and is commonly used to describe beers with this flavor profile.
Lucky Envelope Brewing,Marionberry Sour,5.7% Sour Ale,Our latest limited release sour brewed with hundreds of pounds of marionberry puree. The resulting beer is tart and finishes with a bit of natural sweetness.
Lucky Envelope Brewing,Kölsch,5.0% Kolsch Style Ale,"Brewed with deference to German brewing traditions, our version of Kölsch is elegantly light, crisp, and effervescent. One of the most criminally underappreciated styles in the beer world, expect a touch of fruitiness that highlights a honey-like malt sweetness and floral noble hops."
Lumberbeard Brewing,Lake Beer,5.0% Pilsner,Easy drinking pilsner for the long days at the lake.
Lumberbeard Brewing,Cryo Sauna,7.0% Hazy IPA,"Hazy IPA featuring Citra Cryo, Simcoe Cryo, MosaicCryo and El Dorado. Berry, passion fruit,mango, and citrus notes erupt out of the glass."
Lumberbeard Brewing,Anniversary Year 6,15.2% BA Barleywine,"A blend of one year, two year, three year, and four year old barleywine all aged in Willett bourbon barrels."
Mac & Jacks Brewing Co.,Amber Lager,4.8% ABV Amber Lager,"Inspired by our Original Amber Ale, this lager version delivers layers of rich roasted malts with a crisp, clean, caramel finish."
Mac & Jacks Brewing Co.,Marymoor Double IPA,8.1% ABV Double IPA,"Marymoor IPA is grounded in bold, vibrant citrus notes. It goes big with 8.1% ABV but never loses its balance."
Matchless Brewing,Sun Sipper,5.3% Kettle Sour,"Best shared with friends, this sour ale boasts juicy notes of tropical fruit featuring Guava and Pineapple."
Matchless Brewing,Cheap Beer,4% Lager,"Sometimes life calls for something light, classic, and refreshing. Sometimes you just need a Cheap Beer."
Matchless Brewing,FOMO,6.5% IPA,"FOMO IPA is here as our first year-round IPA. If you have that FOMO, grab a FOMO, and then maybe grab another!"
Matchless Brewing,Purple Terple,6.6% IPA,"Is it 4/20 yet? again? Wait, what day is it? What am I drinking? This is delicious!"
Metier Brewing Company,Kolsch,4.9% - Kolsch Style Ale,Light-bodied German-style ale with mild hop bitterness. Very dry and highly sessionable.
Metier Brewing Company,Central Calling IPA,6.5% India Pale Ale,A simple grain bill of 2-row and Pilsner malt allows Mosaic and Strata hops to pop in this crisp golden ale. Grapefruit and Tropical fruit flavors backed up with moderate bitterness. Enjoy this refreshing West Coast IPA.
Metier Brewing Company,Black Stripe Coconut Porter,5.5% Porter,"Infused with toasted coconut, this Porter is silky smooth, rich and robust, with a touch of sweetness on the finish."
Modern Nature Wines,Carmenere,13% ABV Carmenere,"2023 Carménère
 Handpicked / naturally fermented / unfiltered / unfined
 Barrel aged for 18 months in neutral oak.
 No more than 20ppm sulfite added before bottling.
 Grapes from Columbia Valley AVA, Des Estes Long Vineyard
 Tasting notes – Mineral driven with herbaceous nose, tastes fruit forward with earth, smoke, and black pepper."
Modern Nature Wines,Sangio,14.3% ABV Sangiovese,"2023 Sangiovese
 Naturally fermented/hand picked/unfiltered/unfined
 Barrel aged for 18 months in neutral oak.
 No more than 20ppm sulfite added before bottling.
 Grapes from Red Willow Vineyard, Yakima Valley AVA
 Tasting notes - Velvety and rich, cherry and leather"
Modern Nature Wines,Not Dead Yet,12.4% ABV Dry Riesling,"2025 Riesling
 Handpicked / old vine / naturally fermented in locally sourced NOVUM amphora for 10 months and finished in stainless steel
 Grapes from Columbia Valley AVA, Dubrul Vineyard
 Tasting notes - Green apple, lemongrass, nectarine and pineapple with a long finish"
Modern Nature Wines,Gewurz,12.9% ABV Gewürztraminer Orange Wine,"2025 Gewürztraminer orange wine
 Naturally fermented/hand picked/unfiltered
 Barrel fermented on skins for 6 weeks in locally sourced NOVUM amphora then aged in stainless on the lees for 6 months
 Grapes from Naches Heights AVA
 Tasting notes - Ripe apricot and peach with a hint of ginger"
No Boat Brewing Company,Cocodrilo,Mexican lager 5.1%,Traditional Mexican Lager with flaked corn. Perfect beach beer.
No Boat Brewing Company,Lil' Sal,8.4% Imperial TDH WC IPA,2025 Alpha King Silver Medalist. Chinook/Freestyle Nectaron/Citra/Citra Incognito/CTZ Cryo/Nelson Sauvin Cryo. A bombastic WC Imperial that's as massively dank and tropical as it is drinkable
Offset Ciderworks,Off Dry,6.5% (off-dry),"Off Dry is our flagship cider, crafted for any occasion year-round. Made with a 50/50 blend of Washington-grown apples and pears and no added sugar, it strikes the perfect balance between crisp and refreshing with a subtle touch of sweetness. At 6.5% ABV, this off-dry cider is smooth, approachable, and never too sweet or too dry."
Offset Ciderworks,Peach,4.5% (semi-sweet),"Peach is our refreshing summer cider, made with our signature apple-and-pear blend and fresh peaches. At 4.5% ABV, this semi-sweet cider is sessionable, juicy, nd easy-drinking with bright peach notes and a crisp finish that's perfect for warm days and sunny patios."
Offset Ciderworks,Off Dry,6.5% (off-dry),"Off Dry is our flagship cider, crafted for any occasion year-round. Made with a 50/50 blend of Washington-grown apples and pears and no added sugar, it strikes the perfect balance between crisp and refreshing with a subtle touch of sweetness. At 6.5% ABV, this off-dry cider is smooth, approachable, and never too sweet or too dry."
Offset Ciderworks,Peach,4.5% (semi-sweet),"Peach is our refreshing summer cider, made with our signature apple-and-pear blend and fresh peaches. At 4.5% ABV, this semi-sweet cider is sessionable, juicy, nd easy-drinking with bright peach notes and a crisp finish that's perfect for warm days and sunny patios."
Outer Planet Brewing,Pillars of Creatioin,Bavarian Hefeweizen 5.4%,The banana-and-clove flavor you expect with a clean and bitter noble hop finish.
Outer Planet Brewing,Great Attractor,Mexican Lager 5.0%,"Mashed with Mesquite flour. The Mesquite imparts a sweet, nutty, maple note to the clean and dry Vienna-style Mexican lager."
Outer Planet Brewing,Outer Planet Lime/Citra,Hoppy Seltzer 0.0%,
Peace of Mind Brewing,Smile,6% Cream Ale,"It's light, It's crisp and has a smooth mouthfeel! Brewed with cashmere hops."
Peace of Mind Brewing,The Rainbow Pale Ale,5% Citra Pale Ale,"This is our Mug Club collab brew, brewed with love and Citra hops for Pride Month!"
Peace of Mind Brewing,The Sour Unplugged,5.5% Sour Ale,"this sour ale balances crisp tartness with a soft and smooth mouthfeel. Magnum hops provide a clean bitterness while Hallertau Blanc in the whirlpool adds bright notes of 
 white grape and citrus."
Postdoc Brewing Company,Lunar Flyby,6.5% Hazy IPA,"Juicy citrus, berries & pine."
Postdoc Brewing Company,Tropical Studying Abroad,4.1% Fruit Ale,"Mango, tart key lime & pink guava"
Postdoc Brewing Company,Midlakes Lager,4.8% Lager,Very light and drinkable with a smooth body.
Postdoc Brewing Company,Hogus Maximus Extremis 2026 Coffee,15.8% BBA Strong Ale,"Coffee, bourbon & vanilla"
Project 9 Brewing,Analog Signal,XPA - 6.0%,"Brewed in collaboration with Indie Hops, this clean modern XPA showcases Crystal and Lorien for bright citrus, soft floral notes, and a crisp noble-hop snap."
Project 9 Brewing,Pacific Pathfinder,PNW Pils - 5.5%,"PNW Pils inspired by the modern West Coast Pils style, brewed with 100% Pacific Northwest ingredients: Buzz malt from LINC Malt and Strata and Audacia hops from Indie Hops. Crisp, bright, and hop-forward with notes of citrus, berry."
Project 9 Brewing,Mango Bomb!,Fruited Sour - 6.8%,"A bold, fruit-forward sour packed with fresh mango flavor and a bright, mouthwatering tartness."
Project 9 Brewing,Pressure Drop,Hazy IPA - 6.9%,"Brewed in collaboration with BreakThru Brewing, this hazy IPA is loaded with layers of Citra and Nelson Sauvin in every form we could throw at it. Huge waves of tropical citrus, white grape, passionfruit, and dank hop saturation from Citra Cryo, Citra Incognito, Nelson Sauvin, and Nelson Bliss Hop Kief."
Propolis Brewing,SPA-Spruce Pale Ale,5.5 Botanical Pale Ale,"Organic Wildcrafted Spruce Pale Ale
 Aromas of bright candied citrus, evergreen and tropical fruit. Tastes of blueberry, mango, lychee, raspberry. Finishes dry and crisp, with lingering notes of tropical fruit and resin."
Propolis Brewing,Montem- “Mountain”,5.5 Dry-Hopped Saison,"Organic Dry-Hopped Saison~Crisp high mountain meadow and alpine florals notes with light of citrus bitters, quintessentially refreshing with a memorable soft silky pillowy mouthfeel."
Propolis Brewing,Cuvée,6.0 Foeder aged Saison,"9 year Cognac Foeder aged saison brettanomyces~ “Bright citrus nose, aromas of damp oak, lemon rind and wet hay. Golden straw hue with tastes of candied citrus fruit, tangerine, lemon, melon and honey. Creamy and earthy with moderate tartness and acidity, ﬁnishing with a smooth rustic dry linger.”"
Propolis Brewing,Flemish Mahonia,Wild mixed culture Barrel Aged Fruited Sour,"Pinot Noir Barrel aged Native fruit Sour~Delicate aromas of light oak, lemon rind, peach & strawberries. Ruby-straw hue with tastes of tropical fruit, melon and dense strawberry. Earthy and crisp with moderate tartness, acidity & Tannins, ﬁnishes with a rustic dry bite"
Propolis Brewing,Propolis SPAH20,Sparkling Botanical Hop Water,
Rainwater Brewing,Rainwater IPA,"6.5% 60 IBU ""PNW IPA""","Ambiguous citrus and mango paired with subtle pine and dankness on a medium bodied slightly hazy, and slightly bready canvas. Fermented on clean chico-strain ale yeast."
Rainwater Brewing,Pine Grosebeak Pineapple Hefe,5.7% Weissbier,Banana esters and subtle pineapple with a medium-light body and crisp acidity.
Rainwater Brewing,Rufous Hummingbird Hazy Pale,5.8% 45 IBU Hazy Pale Ale,Candied pineapple and ambiguous tropical notes finished with a subtle grapefruit on a semi dry palate of pilsner and torrefied wheat.
Rainwater Brewing,Savanna Sparrow Peach Sour,6.5% Fruited Kettle Sour,"Peach, apricot and other stone fruit flavors on a semi-grainy wheat heavy palate. Philly sour yeast."
Ravenna Brewong Co,Voltova 10th Anniversary Edition - Collab with Linc Malt,4.5% - Czech Pale Lager,"The fact we were celebrating our 10 year anniversary while Linc Malt was enjoying theirs meant it was obvious what we had to do: Clearly we needed to brew a special edition of our flagship Czech-Style Pale Lager (a 10° Plato Světlý Výčepní) using only ingredients local to the Pacific Northwest. The base of this beer is Linc’s famous Baronesse Pilsner (you may know this malt from local legend Douglas Lager) combined with a modest percentage of Baronesse Vienna malt. This edition was also hopped exclusively with Idaho-grown Saaz hops, but the recipe is otherwise true to the Voltova you know and love: fermented cold and slow, spunded for natural carbonation, and lagered ice-cold. The malt character is snappy and crisp, with aromas of hay and fresh grass, plus light crackery notes. The hop character is assertively floral and bitter with a peppery spice complexity. Light, crisp, and excessively drinkable."
Ravenna Brewong Co,Bird Search - 10th Anniversary Collab with Human People,7% - West Coast IPA,"For our 10th anniversary, we we're thrilled to make a special beer with our friends and neighbors at Human People Beer Cafe. There was no doubt it should showcase a metric ton of Mosaic, and we took it a step further by loading up on a variety of hop products for a maximalist approach to this beloved style. Bird Search was brewed with a simple base of pilsner malt and a dash of chit malt, allowing the excessive hopping to shine without distraction. In the boil, we used Simcoe Cryo, Columbus Cryo, and Mosaic, while adding more Mosaic, Columbus Cryo, and Mosaic Incognito in the whirlpool. At knockout, we threw in a new product from Yakima Chief Hops: Mosaic 803 (supercritical CO2 extract). We also added beta-glucosidase, an exogenous enzyme aiding in the biotransformation of flavorless hop compounds into aromatic terpenes during fermentation. After fermentation, we dry-hopped with Mosaic, Mosaic Cryo, Riwaka, and a smidge of Columbus Cryo. FINALLY, we dosed the bright tank with Riwaka SubZero Hop Kief from Freestyle Hops, for even MORE lupulin. The result is absolutely saturated in hop oils, deftly balancing tropical fruit, citrus, berries, and sticky cannabis. Loud aromas of grapefruit hard candy and guava juice lead into flavors of tangerine gummies, fresh mixed berries, and resinous weed. A pleasant pithy bitterness lingers through the dry finish."
Rooftop Brewing Co,Old Seattle Lager,5.0% Lager,"Taste the original Seattle Bohemian Lager. Brewed for over 35 years, Old Seattle Lager is a crisp & drinkable classic."
Rooftop Brewing Co,Slack Tide IPA,6.5% W. Coast IPA,"A crisp, clear West Coast IPA featuring Citra Cryo, Simcoe Dynaboost, Mosaic, and El Dorado hops."
Rooftop Brewing Co,Cask Beer,TBD,We will pop a cask pin for the festival. Style and adjuncts yet TBD.
Schilling & Starfall Cider,Starfall Imperial Hazy Honeycrisp Cider,Imperial Apple Cider - 8.4%,"Fresh-pressed Honeycrisp apples fermented to 8.4% ABV and left unfiltered for full flavor. Crisp apple character with a naturally hazy finish - no shortcuts, no filtering out the good stuff.
 
 INGREDIENT HIGHLIGHTS: ​
 Fresh-pressed Honeycrisp apple juice, Citra hops.​
 
 **Citra hops add a subtle citrus brightness that lifts the apple's natural sweetness without bitterness - keeping it crisp and balanced"
Schilling & Starfall Cider,Schilling Moon Berries,Fruited Semi-Sweet Cider - 5.2%,"Juicy blackberries and bright blueberries mingle with a hint of sweet french lavender and tangy, fresh-pressed PNW apples. At a sparkling 5.2%, its
 flavor profile is fruited and semi-sweet making this a crushable year-round cider."
Schilling & Starfall Cider,Excelsior Imperial Apple,Imperial Apple Cider - 8.4%,"FLAVOR DESCRIPTION: ​
 
 A pioneer of imperials, this stellar cider takes flavor (and ABV) to new heights. With its
 tantalizingly tart fresh-pressed apples and semi-sweet profile, Excelsior launches your
 taste buds into an uncharted galaxy. A complex and crushable 8.4% ABV cider."
Schilling & Starfall Cider,Yuzu Peach (Schilling Legends of Cider - Summer Seasonal),Fruited Semi Sweet Cider - 6.5%,"A balanced, tangy and crisp summer refresher hits the spot. The Yuzu, an asian citrus brings a twang that balances delectably with the soft and sweet peach profile. A fun, bright summer crusher!
 
 INGREDIENT HIGHLIGHTS: ​
 
 Fresh-pressed apples, sugar, peach puree, yuzu juice, purple carrot juice (for color)."
Schilling & Starfall Cider,Ground Control - Cherry,N/A Fruited Cider,
Silver City Brewing Co.,Silver City IPA,6.3% IPA,"Boldly hoppede and classically structured, this American IPA balances old-school character with new age flair. A base of 2-Row, Munich, and Crystal malts brings subtle notes of toasted bread crust and light caramel, while a firm bitterness gives way to layers of citrus, tropical fruit, and pine. Crisp and balanced, it finishes clean and lingers like a good story."
Silver City Brewing Co.,Bavarian Style Hefeweizen,5.5% Bavarian Hefeweizen,"Our Bavarian style hefeweizen is unfiltered and bursting with clove, vanilla and banana accents. Each sip harmonizes tradition and refreshment in perfect balance."
Single Hill Brewing,Future Echoes,West Coast IPA 6.5%,"Everything old is new again... Future Echoes showcases a classic trio of Mosaic, Amarillo, and Centennial hops for punchy notes of pine and grapefruit."
Single Hill Brewing,Greenway,Pale Ale 5.4%,"A preview of our soon-to-be released permanently available Pale Ale! Modern, West-Coast style pale with Riwaka and Mosaic hops."
Skookum Brewery,Sasquatch Squeeze,Shandy 4.2%,"Lemon Shandy! What is it? Helles Lager with lemon puree. light, refreshing, crushable with notes of fresh squeezed lemonade and long summer nights."
Skookum Brewery,Self Destructor IIIPA,10.0% Hazy Triple IPA,"pils\wheat Hazy Triple IPA notes of mangoes, white peach and stiff mai-tai's.
 Hops: Simcoe, Citra, Rawaka"
Slightly Furry,Purrfectly Pear Cider,6.1% - Fruited Hard Cider,CiderCraft Double Gold Winner! Apples and Pears purrrfectly go together in this limited edition cider. It's a delightful balance of fresh juices that make this one an easy sipper or blended with some of our other ciders like CinnaBEAR for that warm spiced pear treat.
Slightly Furry,CinnaBEAR Cinnamon Cider,6.0% - Spiced Hard Cider,"CiderCraft Judges' Pick Winner! The fox side of Slightly Furry started with this blend of Apple, Cinnamon, and Brown sugar as their first homebrew batch back in 2013. It was such a hit amongst their friends that they kept making more while they kept asking when it would be for sale. That feedback began the idea of Slightly Furry as we know today. So, we are bringing back the classic for you to enjoy any time of the year and be instantly transported into fall amongst gatherings of furry friends."
Slightly Furry,PineappOWL Pineapple Cider,5.2% - Fruited Hard Cider,"PineappOWL pays homage to our first investor, taste tester, and biggest cheerleader. We crafted this cider after his original Owl fursona as a thank you for his ongoing support, balancing the bright flavor that pineapple is known for with more apple juice to tame the acidity. Lay back with a nice book and this cider in your claws for some summertime beach vibes."
Slightly Furry,C.R.E.A.M. Soda,Vanilla Bean Soda,
Steam Donkey Brewing Co.,360 Blonde Ale,4.40%,Cream Ale steeped with Earl Gray tea leaves.
Steam Donkey Brewing Co.,420 IPA,6.8,West Coast IPA dry hopped with Abstrax Brewgas - Sour Tangie
Stoup Brewing,Sticks & Stones,11% BBA Stout,"A big, bold, roasty stout brewed on a base of American 2-Row and Maris Otter malts and then aged in bourbon barrels."
Stoup Brewing,Pride Match Day IPA,6.2% West Coast IPA,"We're proud to brew a West Coast IPA celebrating Seattle Pride and the 2026 Pride Match. Citrus ,passionfruit and Proud AF."
Stoup Brewing,Bavarian Hefeweizen,5.0% Bavarian Hefeweizen,"We honor tradition by brewing this beer using decoction mashing techniques and fermenting with a German yeast strain that imparts prominent banana and clove notes. The wheat gives this beer a crisp, slightly tart, refreshing finish."
Stoup Brewing,Beerhall Helles,4.8% Helles,"German pilsner malt is the backbone for this clean, crisp German-style lager. A gentle malt sweetness teased out through traditional decoction brewing methods is balanced by German noble hops making for a spicy, bright finish."
STRUCTURES BREWING,Edel,4.9% abv Pilsner,"German Pilsner brewed with Mittelfruh and Spalt hops. With notes of wildflowers, and lemon peel."
STRUCTURES BREWING,Revenant,7.2% abv West Coast IPA,"West Coast IPA brewed with Nelson, Simcoe, and Citra bursting with aromas of mango and pomelo."
STRUCTURES BREWING,Cherry-berry Cheesecake,8% abv Imperial Sour Smoothie,"Traditional Sour Smoothie! Strawberries, Tart Cherries, Sweet Cherries, and Cheesecake!"
STRUCTURES BREWING,TROPICAL DREAMS,"Traditional Sour Smoothie! Pineapple, Mango, Passion Fruit, and Coconut! 7.2% abv","Our Flagship IPA is brewed with our favorite blend of malts and oats, and double-dry hopped with Galaxy, Citra, and Mosaic. Showcasing aromas of passionfruit, cantaloupe, and pineapple gummies."
Talking Cedar,Lewis County Brunch Brand Stout,Stout 17%,"A massive imperial brunch stout aged for two years in bourbon barrels, then finished with coffee, cinnamon, and maple syrup. Rich layers of dark chocolate, espresso, maple candy, bourbon caramel, and toasted oak lead into a velvety, warming finish built for serious stout lovers."
Talking Cedar,Tropical IPA,POG IPA 7%,"Tropical passionfruit, bright orange and juicy guava with light notes of coconut from a thoughtful Sabro dry hopping. Full flavored, juicy, and easy drinking."
Talking Cedar,Raspberry Blonde,Blonde 4.7%,"A crisp, easy-drinking blonde ale with bright, subtle raspberry character and a clean, refreshing finish. Light-bodied and perfectly balanced, this two-time Double Gold SIP Award winner delivers fresh berry aroma without overpowering sweetness."
Terramar Brewstillery,Padilla Bay Pilsner,5.3% ABV - German Style Pilsner,"A light, crackery malt base supports delicate floral, herbal and spicy hop notes in this crisp German Style Pilsner that’s mildly bitter and endlessly refreshing."
Terramar Brewstillery,Samish Bay IPA,7.2% ABV - West Coast IPA,"A crisp and true to the terroir contemporary West Coast IPA bursting with tropical fruit, citrus, stone fruit as well as subtle floral and resinous pine notes."
Terramar Brewstillery,Harvest Raspberry Bluberry Cider,6.9% ABV - Fruited Cider,Fresh WA apple juice fermented on an English Ale yeast strain and then conditioned on loads of locally grown blueberries and raspberries.
Trap Door Brewing,Glowed Up,6.8 Hazy IPA,
Trap Door Brewing,Day Beer,5.8 WC Pale,
Trap Door Brewing,Saturn Sour,6.0 Fruited Sour Ale,
Trap Door Brewing,Off Season,6.5 WCIPA,
U-Neek Brewing Company,Arc Furnace,German-Style Pilsner / 5.0%,"German-Style Pilsner built on Pilsen and Dextra Pils malts, balanced with Millennium and Hallertau Mittelfruh hops, and fermented with Augustiner Lager yeast."
U-Neek Brewing Company,Smith and Weizen,Blood Orange Hefeweizen / 5.2%,"German Hefeweizen with blood orange added to the secondary fermentation. Built on Two-Row and White Wheat malts, with a simple dose of Millennium hops, and fermented with Hefeweizen yeast."
U-Neek Brewing Company,Wolf Bite,West Coast IPA / 6.5%,"West Coast IPA brewed in partnership with the Washington Wolfpack Arena Football team based out of Everett. Brewed with Two-Row, Marris Otter, Carapils, and Munich malts, hopped with Columbus, Centennial, and a huge dose of Mandarina Bavaria hops, and fermented with Safale US-05 yeast."
U-Neek Brewing Company,"Brown Chicken, Brown Cow",English Brown Ale / 4.6%,"English Brown Ale built on a complex mix of Two-Row, Amber, Crystal 60, and Chocalte malts, hopped exclusively with East Kent Goldings hops, and fermented with London Ale III yeast."
Urban Family Brewing,Slaying Mantis,7.3% - Hazy IPA,We take your favourite Mosaic hops and throw in some Dolcita in this drinkable hazy IPA. Big peach energy with a pineapple and tropical finish.
Urban Family Brewing,"Pie, Oh My!",5.5% - Cherry Pie Sour Ale,"Inspired by cherry pie made at Ben's Bread, this collaboration with them and Ridgewood is reminiscent of tart cherry with a dominant cinnamon and background note of clove! Pink/red, sour/tart, crisp, cherry and cinnamon forward."
Varietal Beer Co,There's No Such Thing As Seagull's Oliver!,8.1% Wine Grape Mixed Ferm,"8.1% ABV - Wild Ale re-fermented on whole Syrah grapes
 
 We continue our wild collaboration with our friend Oliver May from Discover Vineyard (Horse Heaven Hills AVA), celebrating Chris & Oliver’s mentor, conservationist Dr. Steven Herman. This beer was blended from selected wine barrel aged wild ale aged in red wine barrels, then re-fermented for about a year on lightly crushed Syrah grapes with a small portion of Petite Verdot grapes added, before allowing the beer to condition naturally. This beer features a mild acidity with bright red berry flavor and a touch of black pepper. The deep red color of this beer comes from the long contact time with the Syrah grape skins."
Varietal Beer Co,Moxee Light,4.5% Patio Beer (Cream Ale),"Crisp, clear, and ULTRA refreshing, this light-bodied ale is perfect for quaffing on the patio while the grill is getting warmed up. El Dorado hops peek through in the aroma and finish leaving you needing another, and another, and another sip."
Varietal Beer Co,Sup Cuz IPA,6.3 Hazy IPA,"Our most popular beer, the tropical & citrus flavors in SUP CUZ IPA come from Amarillo, Cascade, Comet & Citra, all hops grown by our close friends at Loza Farms in Wapato. Very light bodied for the style, this beer is perfect paired a relaxed afternoon with family and friends."
Vice Beer,Ribbit Robot: Super Krush,8.25% DDH Double Hazy IPA,"Ribbit Robot: Super Krush is a double dry-hopped IPA with Krush and Citra on the hot side and a dry hop of Krush, Citra Hyperboost, Citra Cryo and Rakau! The result is a KRUSHable banger with new artwork by @mayfair_pdx! Tropical fruit medley meets pillowy mouthfeel with a nose full of white grape, grapefruit and citrus peel. Sneaky at 8.25%."
Vice Beer,Mr. Roboto,4.5% Rice Lager,"Somewhere between Cybertron and Kilroy’s hideout, this Rice Lager was engineered for one purpose: maximum crushability.
 
 Mr. Roboto powers up with a clean, crisp malt profile, a smooth rice-lager glide, and a finish so snappy it might just transform your afternoon. Light, bright, and refreshingly precise, it’s built for humans, Autobots, and suspiciously emotional synth-pop androids alike."
Vice Beer,Cut My Lime (into pieces),5% Mexican Lager with Lime,A last resort Mexican Lager with lime juice and lime zest.
Vice Beer,The Last of the Big Dawgz,6.89% West Coast IPA,"The Last of the Big Dawgz is a West Coast IPA brewed as a loving nod to our former head brewer, Aaron Copelin — a NorCal original known for rocking socks with sandals, cruising in a Subaru Forester with California plates, and calling just about everybody Big Dog.
 
 Just like the man himself, this beer is classic, unbothered, and full of character: bright citrus, piney bitterness, a little dankness, and a crisp, clean finish that keeps things moving. Columbus and Simcoe lay down the old-school backbone, while Krush, Mosaic, Nelson, and Mosaic Cryo ride shotgun for a punchy modern hop blast.
 
 A little Northern California attitude, a little Pacific Northwest polish, and a whole lot of Big Dog energy."
Volition Brewing,Riker Maneuver,6.5 West Coast IPA,"This West Coast IPA is coming at you from deep in Sector 441 in the Beta Quadrant. Made with Great Western malts Loaded with Comet, Cascade and Citra, The Riker Maneuver hits with citrus, melon, pine resin and a rounded bitterness. Please enjoy responsibly and please refrain from swinging your leg over the chair when you sit down. Not everyone can pull that off like the galaxy’s favorite playboy"
Volition Brewing,Common Ground,5.0 West Coast Pilsner,"Brewed by Jamie, one of Volition’s founders, Common Ground is a toast to resilience, connection, and the joy found in shared moments. Crisp, light, and layered with citrus, melon, and pine from Strata, Citra, and Mosaic hops, this West Coast Pilsner is easy to drink, easy to share, and made for everyone."
Volition Brewing,Vampire Beach Party,5.8% Fruited IPA,"Our latest release is a fruited hazy IPA bursting with pineapple, passion fruit, and guava — it’s juicy, tropical, and just a little bit wild. Just like that epic beach party in The Lost Boys. (You know the one — saxophones blazing, bonfires roaring, pure 80s magic."
Volition Brewing,Princess Peach's Estranged Sister,6.0 Fruited Sour - Apricot Lemon Ginger,"Not all royalty lives in the Mushroom Kingdom. This golden sour starts with a delicate base of Pilsner malt, white wheat malt, and flaked barley before being loaded with generous amounts of apricot and lemon purée. 
  
 A subtle touch of ginger rounds out the finish, adding just enough depth without stealing the spotlight. The result is bright, refreshing, and beautifully layered—bursting with juicy stone fruit, vibrant citrus, clean acidity, and a whisper of spice."
Watts Brewing Company,The Leafcutter,5.1% - Kölsch-style,"Our flagship beer is a bright, crisp take on the ales of Köln, Germany. We took the precision of this classic German style and adapted it to the American palate with PNW-grown hops, producing a beer of surprising depth and nuance for such a refreshing style."
Watts Brewing Company,Red Mason Rye,5.5% - German-style Amber Rye Ale,"Our signature rye ale features the earthy and faintly spicy quality of malted rye, interwoven with Yakima-grown Mt Hood hops. The result is a malt forward, yet dry balance with subtle fruit-like fermentation character and moderate hop bitterness."
Watts Brewing Company,Apian IPA,6% - West Coast IPA,"Our rotating line of IPAs is all about hops. Each release showcases a different blend of hops over a crisp, dry bed of pale malt. Join us on this hop odyssey as we explore new varieties from the PNW and from around the globe!"
Well 80 Brewing Company,80 lbs of Hops,7.0% Hazy IPA,2021 Washington Beer Awards Silver Medal Hazy IPA. This easy-drinkin' New England Style Hazy IPA features Tropical Fruit and a pleasantly complex hop profile.
Well 80 Brewing Company,Original Lager Year '64,4.2% American Lager,60's Recipe Brewed with Olympia Head Brewer.
Well 80 Brewing Company,Muffin Man's Thai Farm Saison,7.0% French Saison,"Brewed in Collaboration with Famed Home Brewer “Muffin Man”. Made with Lemon Grass, Ginger, and Lemon Peel. Fermented with French Saison Yeast."
Well 80 Brewing Company,Casa Mia Restaurant Birra La Rossa,7.5% Dopplebock,"Birra la Rossa is a classic Italian style dopplebock lager, featuring complex flavors of sweet malt and toasted grains. It's malty profile is enhanced with subtle bitterness from European hops."
Yonder Cider,Dry,6.5% / Dry Apple,"Bright, light and refreshing with the bite of
 bittersweet apples. Bright notes of citrus,
 hints of orange and lime dance with flavors
 of tropical fruit, making this a very refreshing
 but hard to define cider."
Yonder Cider,Hot Yonder Summer,6.9% / fruited cider,"This cider is packed with the refreshing taste of peach, lemon, and a touch of mint. Tart and juicy all at the same time. Some of our favorite flavors of the season!"